Male,Season,Stream,Breeding_tactics,Total_length,Body_weight,Body_condition
M11,2023,Stream1,Breeding,1.27,18.9,11.72
M2,2023,Stream1,Breeding,1.04,11,10.17
M3,2023,Stream1,Breeding,1.27,18.1,11.22
M4,2023,Stream1,Breeding,1.44,23.1,11.14
M5,2023,Stream1,Breeding,1.28,17.2,10.5
M6,2023,Stream1,Breeding,1.32,17.3,9.93
M7,2023,Stream1,Breeding,NA,16,NA
M9,2023,Stream1,Breeding,1.27,15.7,9.73
M10,2023,Stream1,Breeding,1.12,16.7,13.31
M1,2023,Stream1,Non-breeding,1.47,22.1,10.23
M20,2023,Stream1,Non-breeding,1.2,8.3,5.76
M21,2023,Stream1,Non-breeding,1.12,6.6,5.26
M22,2023,Stream1,Non-breeding,1.25,13.1,8.38
M8,2023,Stream1,Non-breeding,1.29,15.5,9.31
M14,2023,Stream1,Non-breeding,1.32,15.6,8.95
M12,2023,Stream2,Breeding,1.18,13.7,9.84
M13,2023,Stream2,Breeding,1.27,19.7,12.21
M23,2023,Stream2,Non-breeding,1.25,14.3,9.15
M17,2023,Stream2,Non-breeding,1.2,11.6,8.06
M16,2023,Stream2,Non-breeding,1.4,18.3,9.34
M15,2023,Stream2,Non-breeding,1.1,8.7,7.19
M24,2023,Stream2,Non-breeding,1.11,8.7,7.06
M18,2023,Stream2,Non-breeding,1.21,13.4,9.15
M19,2023,Stream2,Non-breeding,1.2,15.3,10.63
M25,2023,Stream2,Non-breeding,1.11,12.6,10.23
M1,2024,Stream1,Breeding,1.47,22.1,10.23
M14,2024,Stream1,Breeding,1.32,15.6,8.95
M5,2024,Stream1,Breeding,1.28,17.2,10.5
M6,2024,Stream1,Breeding,1.32,17.3,9.93
M10,2024,Stream1,Breeding,1.12,16.7,13.31
M11,2024,Stream1,Breeding,1.27,18.9,11.72
M2,2024,Stream1,Non-breeding,1.04,11,10.17
M3,2024,Stream1,Non-breeding,1.27,18.1,11.22
M4,2024,Stream1,Non-breeding,1.44,23.1,11.14
M7,2024,Stream1,Non-breeding,NA,16,NA
M9,2024,Stream1,Non-breeding,1.27,15.7,9.73
M20,2024,Stream1,Non-breeding,1.2,8.3,5.76
M21,2024,Stream1,Non-breeding,1.12,6.6,5.26
M22,2024,Stream1,Non-breeding,1.25,13.1,8.38
M8,2024,Stream1,Non-breeding,1.29,15.5,9.31
M15,2024,Stream2,Breeding,1.1,8.7,7.19
M16,2024,Stream2,Breeding,1.4,18.3,9.34
M17,2024,Stream2,Breeding,1.2,11.6,8.06
M13,2024,Stream2,Breeding,1.27,19.7,12.21
M18,2024,Stream2,Breeding,1.21,13.4,9.15
M19,2024,Stream2,Breeding,1.2,15.3,10.63
M12,2024,Stream2,Non-breeding,1.18,13.7,9.84
M23,2024,Stream2,Non-breeding,1.25,14.3,9.15
M24,2024,Stream2,Non-breeding,1.11,8.7,7.06
M25,2024,Stream2,Non-breeding,1.11,12.6,10.23
